isco_3_digit_label,noun_phrase,mean_tfidf,rank
"Agricultural, Forestry and Fishery Labourers",care,0.0761266375299498,1.0
"Agricultural, Forestry and Fishery Labourers",animals,0.051161373054335144,2.0
"Agricultural, Forestry and Fishery Labourers",work,0.048862006421037746,3.0
"Agricultural, Forestry and Fishery Labourers",tools,0.04346496549807002,4.0
"Agricultural, Forestry and Fishery Labourers",ireland,0.041100879331138936,5.0
"Agricultural, Forestry and Fishery Labourers",equipment,0.040705548512931,6.0
"Agricultural, Forestry and Fishery Labourers",person,0.037887243978541485,7.0
"Agricultural, Forestry and Fishery Labourers",them,0.037097728825041004,8.0
"Agricultural, Forestry and Fishery Labourers",plants,0.03689699067045543,9.0
"Agricultural, Forestry and Fishery Labourers",maintenance,0.035806403521734885,10.0
"Agricultural, Forestry and Fishery Labourers",utilities,0.03364442800490231,11.0
"Agricultural, Forestry and Fishery Labourers",construction,0.03051990134864658,12.0
"Agricultural, Forestry and Fishery Labourers",farmers,0.027586365093141153,13.0
"Agricultural, Forestry and Fishery Labourers",job_consultation,0.026172578663188607,14.0
"Agricultural, Forestry and Fishery Labourers",cleaning,0.025628182902863384,15.0
"Agricultural, Forestry and Fishery Labourers",photovoltaic_systems,0.025584784653160046,16.0
"Agricultural, Forestry and Fishery Labourers",order,0.02543647578343996,17.0
"Agricultural, Forestry and Fishery Labourers",maria_ioakim,0.025157050129162827,18.0
"Agricultural, Forestry and Fishery Labourers",eures_advisor,0.024420447993003268,19.0
"Agricultural, Forestry and Fishery Labourers",genetics,0.024275945936225608,20.0
"Architects, Planners, Surveyors and Designers",autocad,0.044456411472495405,1.0
"Architects, Planners, Surveyors and Designers",experience,0.04379205369868601,2.0
"Architects, Planners, Surveyors and Designers",ms_office_suite,0.03420103152255447,3.0
"Architects, Planners, Surveyors and Designers",architecture,0.03131422570959124,4.0
"Architects, Planners, Surveyors and Designers",solidworks,0.03035523159088761,5.0
"Architects, Planners, Surveyors and Designers",more_details,0.029814691595744985,6.0
"Architects, Planners, Surveyors and Designers",ability,0.027685426130675525,7.0
"Architects, Planners, Surveyors and Designers",photoshop,0.027599944193333524,8.0
"Architects, Planners, Surveyors and Designers",knowledge,0.024073425820263093,9.0
"Architects, Planners, Surveyors and Designers",candidates,0.0232146877691172,10.0
"Architects, Planners, Surveyors and Designers",work_experience,0.022232249245689794,11.0
"Architects, Planners, Surveyors and Designers",istanbul,0.02196646109036023,12.0
"Architects, Planners, Surveyors and Designers",preparation,0.02174104217344077,13.0
"Architects, Planners, Surveyors and Designers",civil_engineering,0.020052625471178583,14.0
"Architects, Planners, Surveyors and Designers",materials,0.019732612978819807,15.0
"Architects, Planners, Surveyors and Designers",education,0.019487280984062563,16.0
"Architects, Planners, Surveyors and Designers",development,0.019360165520555195,17.0
"Architects, Planners, Surveyors and Designers",design,0.019180079988202904,18.0
"Architects, Planners, Surveyors and Designers",revit,0.018706884237656655,19.0
"Architects, Planners, Surveyors and Designers",application_method,0.018508442979373263,20.0
Assemblers,installation,0.07520850757140075,1.0
Assemblers,assembly,0.054221693546174246,2.0
Assemblers,polish,0.04313409491426759,3.0
Assemblers,education,0.03785720612441688,4.0
Assemblers,experience,0.03681484302882401,5.0
Assemblers,training,0.03614268344552809,6.0
Assemblers,parts,0.035347218815744035,7.0
Assemblers,requirements,0.03223670684597627,8.0
Assemblers,persons,0.03221377354488814,9.0
Assemblers,cv_-_application_languages,0.03169023922285551,10.0
Assemblers,candidates,0.02986753581847799,11.0
Assemblers,metals,0.029633959945702382,12.0
Assemblers,packaging,0.02945107412735697,13.0
Assemblers,possibility,0.02880762748696667,14.0
Assemblers,place,0.02743921580987936,15.0
Assemblers,job_responsibilities,0.026432954583233317,16.0
Assemblers,hydraulics,0.02444190627368707,17.0
Assemblers,hour,0.02363087204358089,18.0
Assemblers,necessary_-_others,0.02334062386557393,19.0
Assemblers,technical_drawings,0.022667708402958047,20.0
"Blacksmiths, Toolmakers and Related Trades Workers",milling_machines,0.0835713950431612,1.0
"Blacksmiths, Toolmakers and Related Trades Workers",welding,0.07921318042361476,2.0
"Blacksmiths, Toolmakers and Related Trades Workers",metal_parts,0.07350888624274209,3.0
"Blacksmiths, Toolmakers and Related Trades Workers",task_execution,0.06087351502148682,4.0
"Blacksmiths, Toolmakers and Related Trades Workers",advantages,0.05917193148863667,5.0
"Blacksmiths, Toolmakers and Related Trades Workers",accommodation,0.05867816432326878,6.0
"Blacksmiths, Toolmakers and Related Trades Workers",equipment_maintenance,0.05686980462540628,7.0
"Blacksmiths, Toolmakers and Related Trades Workers",precision,0.05384625566616624,8.0
"Blacksmiths, Toolmakers and Related Trades Workers",quality_standards,0.0536747846449375,9.0
"Blacksmiths, Toolmakers and Related Trades Workers",repair,0.05022521752956053,10.0
"Blacksmiths, Toolmakers and Related Trades Workers",execution,0.04815454296099744,11.0
"Blacksmiths, Toolmakers and Related Trades Workers",other_tasks,0.044300516016416186,12.0
"Blacksmiths, Toolmakers and Related Trades Workers",experience,0.0432361886457411,13.0
"Blacksmiths, Toolmakers and Related Trades Workers",quality,0.04314494322175403,14.0
"Blacksmiths, Toolmakers and Related Trades Workers",application,0.0420734429596931,15.0
"Blacksmiths, Toolmakers and Related Trades Workers",assembly,0.0406107365920725,16.0
"Blacksmiths, Toolmakers and Related Trades Workers",professionals,0.0366054197964753,17.0
"Blacksmiths, Toolmakers and Related Trades Workers",technical_specifications,0.03517125080049616,18.0
"Blacksmiths, Toolmakers and Related Trades Workers",manufacture,0.034689671218209976,19.0
"Blacksmiths, Toolmakers and Related Trades Workers",dynamism,0.033586907187509854,20.0
Building Finishers and Related Trades Workers,installation,0.15520398650250744,1.0
Building Finishers and Related Trades Workers,maria_ioakim,0.10302898685563615,2.0
Building Finishers and Related Trades Workers,home_possibility,0.06410606916096843,3.0
Building Finishers and Related Trades Workers,job_responsibilities,0.06336656031242288,4.0
Building Finishers and Related Trades Workers,assembly,0.05312482931845635,5.0
Building Finishers and Related Trades Workers,windows,0.05038400372511209,6.0
Building Finishers and Related Trades Workers,repair,0.046831720153772675,7.0
Building Finishers and Related Trades Workers,business_trips,0.04284284344866792,8.0
Building Finishers and Related Trades Workers,activities,0.041145930088435735,9.0
Building Finishers and Related Trades Workers,our_part,0.040766595104130214,10.0
Building Finishers and Related Trades Workers,eur,0.03836130005325688,11.0
Building Finishers and Related Trades Workers,door,0.03749778805066619,12.0
Building Finishers and Related Trades Workers,working_hours,0.037328704641923734,13.0
Building Finishers and Related Trades Workers,doors,0.03673807994894326,14.0
Building Finishers and Related Trades Workers,possibility,0.036305944906386806,15.0
Building Finishers and Related Trades Workers,work,0.03630404253310924,16.0
Building Finishers and Related Trades Workers,requirements,0.03601555835660132,17.0
Building Finishers and Related Trades Workers,adjustment,0.033304955457171,18.0
Building Finishers and Related Trades Workers,jobs,0.03290207238621523,19.0
Building Finishers and Related Trades Workers,experience,0.03147904038584844,20.0
Building Frame and Related Trades Workers,experience,0.06839814920196866,1.0
Building Frame and Related Trades Workers,installation,0.05907706151625833,2.0
Building Frame and Related Trades Workers,walls,0.047618892636634484,3.0
Building Frame and Related Trades Workers,job_description,0.04006019868225642,4.0
Building Frame and Related Trades Workers,assembly,0.03952204557495393,5.0
Building Frame and Related Trades Workers,ceilings,0.03659509304540115,6.0
Building Frame and Related Trades Workers,insulation,0.035482537145457356,7.0
Building Frame and Related Trades Workers,doors,0.03469450535968025,8.0
Building Frame and Related Trades Workers,drawings,0.030965059867325118,9.0
Building Frame and Related Trades Workers,windows,0.03077266212519529,10.0
Building Frame and Related Trades Workers,eures_advisor,0.027597251053341702,11.0
Building Frame and Related Trades Workers,croatia,0.02727726589688004,12.0
Building Frame and Related Trades Workers,polish,0.026191805447592097,13.0
Building Frame and Related Trades Workers,education,0.02576469508556269,14.0
Building Frame and Related Trades Workers,application_method,0.02427420778400417,15.0
Building Frame and Related Trades Workers,foundations,0.024069414391900003,16.0
Building Frame and Related Trades Workers,knowledge,0.02371227433559794,17.0
Building Frame and Related Trades Workers,willingness,0.02250125721801402,18.0
Building Frame and Related Trades Workers,work,0.021148121674517073,19.0
Building Frame and Related Trades Workers,home,0.019690455475545186,20.0
Business Services and Administration Managers,experience,0.03971552220158984,1.0
Business Services and Administration Managers,management,0.02550560144762653,2.0
Business Services and Administration Managers,development,0.023386558964714716,3.0
Business Services and Administration Managers,english,0.0222315977845589,4.0
Business Services and Administration Managers,people,0.021766649594741838,5.0
Business Services and Administration Managers,knowledge,0.0210004370118117,6.0
Business Services and Administration Managers,compliance,0.020748928813349162,7.0
Business Services and Administration Managers,work,0.018373613919040997,8.0
Business Services and Administration Managers,projects,0.018231998113985674,9.0
Business Services and Administration Managers,part,0.017854546207773773,10.0
Business Services and Administration Managers,opportunities,0.01703015239115105,11.0
Business Services and Administration Managers,innovation,0.016739849882563197,12.0
Business Services and Administration Managers,responsibility,0.01645571081298317,13.0
Business Services and Administration Managers,sustainability,0.015435863978176414,14.0
Business Services and Administration Managers,communication,0.015306090717816086,15.0
Business Services and Administration Managers,coordination,0.015246586513500006,16.0
Business Services and Administration Managers,project_management,0.014696555164995136,17.0
Business Services and Administration Managers,clients,0.014683571837123119,18.0
Business Services and Administration Managers,our_customers,0.014190117420574466,19.0
Business Services and Administration Managers,continuous_improvement,0.01416818394762836,20.0
Chemical and Photographic Products Plant and Machine Operators,tooling,0.0742464749598043,1.0
Chemical and Photographic Products Plant and Machine Operators,friday,0.059691316903578144,2.0
Chemical and Photographic Products Plant and Machine Operators,production_processes,0.059185014290760916,3.0
Chemical and Photographic Products Plant and Machine Operators,m/f,0.05903152197891164,4.0
Chemical and Photographic Products Plant and Machine Operators,monday,0.05782475473434767,5.0
Chemical and Photographic Products Plant and Machine Operators,candidates,0.05451457198571882,6.0
Chemical and Photographic Products Plant and Machine Operators,our_client,0.047707268387311395,7.0
Chemical and Photographic Products Plant and Machine Operators,packaging,0.04595767305547883,8.0
Chemical and Photographic Products Plant and Machine Operators,processing,0.04398478377491143,9.0
Chemical and Photographic Products Plant and Machine Operators,legislative_decree,0.04383235456619441,10.0
Chemical and Photographic Products Plant and Machine Operators,compliance,0.04335043737194402,11.0
Chemical and Photographic Products Plant and Machine Operators,attention,0.0417593785944886,12.0
Chemical and Photographic Products Plant and Machine Operators,machinery,0.04159181249188563,13.0
Chemical and Photographic Products Plant and Machine Operators,development,0.041184702059483394,14.0
Chemical and Photographic Products Plant and Machine Operators,tools,0.041072424626200706,15.0
Chemical and Photographic Products Plant and Machine Operators,participation,0.040455344406250496,16.0
Chemical and Photographic Products Plant and Machine Operators,our_distinguishing_values,0.040365074755501905,17.0
Chemical and Photographic Products Plant and Machine Operators,technical_training,0.0400056704117971,18.0
Chemical and Photographic Products Plant and Machine Operators,managerial_profiles,0.03970661316334572,19.0
Chemical and Photographic Products Plant and Machine Operators,gi_group,0.03891376725633072,20.0
Chemical and Photographic Products Plant and Machine Operators,search,0.03891376725633072,20.0
Database and Network Professionals,firewalls,0.04551724813779171,1.0
Database and Network Professionals,knowledge,0.0415081493377409,2.0
Database and Network Professionals,network,0.03572673667550485,3.0
Database and Network Professionals,vpn,0.031913213023798764,4.0
Database and Network Professionals,switches,0.031294205158799694,5.0
Database and Network Professionals,networks,0.030738724480941292,6.0
Database and Network Professionals,maintenance,0.03052525469842287,7.0
Database and Network Professionals,experience,0.029467726696050134,8.0
Database and Network Professionals,configuration,0.02750858185884933,9.0
Database and Network Professionals,management,0.02604267593105554,10.0
Database and Network Professionals,security,0.025631673243339585,11.0
Database and Network Professionals,automation,0.02536529956282085,12.0
Database and Network Professionals,users,0.024864507281915638,13.0
Database and Network Professionals,implementation,0.0242878225568284,14.0
Database and Network Professionals,solutions,0.02112603204367115,15.0
Database and Network Professionals,monitoring,0.02016557149109551,16.0
Database and Network Professionals,cybersecurity,0.019991564683443014,17.0
Database and Network Professionals,responsibilities,0.019398448353766973,18.0
Database and Network Professionals,routers,0.01839166775246461,19.0
Database and Network Professionals,interested_candidates,0.018360940643790284,20.0
Electrical Equipment Installers and Repairers,maintenance,0.0597235392407582,1.0
Electrical Equipment Installers and Repairers,installation,0.05759975207868567,2.0
Electrical Equipment Installers and Repairers,repair,0.044599401481032766,3.0
Electrical Equipment Installers and Repairers,electrical_installations,0.04157827981393185,4.0
Electrical Equipment Installers and Repairers,experience,0.032748753059461885,5.0
Electrical Equipment Installers and Repairers,equipment,0.031600447704138813,6.0
Electrical Equipment Installers and Repairers,electricity,0.026116665395734075,7.0
Electrical Equipment Installers and Repairers,electrical_systems,0.02270458705900577,8.0
Electrical Equipment Installers and Repairers,electrical_equipment,0.022235688865859905,9.0
Electrical Equipment Installers and Repairers,work,0.021252972815066044,10.0
Electrical Equipment Installers and Repairers,requirements,0.02055125523258863,11.0
Electrical Equipment Installers and Repairers,ability,0.02024204229093052,12.0
Electrical Equipment Installers and Repairers,installations,0.0196661529186049,13.0
Electrical Equipment Installers and Repairers,knowledge,0.0182555567237467,14.0
Electrical Equipment Installers and Repairers,assembly,0.016564128613917782,15.0
Electrical Equipment Installers and Repairers,teamwork,0.0157060251440877,16.0
Electrical Equipment Installers and Repairers,candidates,0.01566051778496309,17.0
Electrical Equipment Installers and Repairers,heights,0.015484886074389265,18.0
Electrical Equipment Installers and Repairers,qualifications,0.01497301409457847,19.0
Electrical Equipment Installers and Repairers,machines,0.014801263714293491,20.0
Electronics and Telecommunications Installers and Repairers,none,0.0908713279756888,1.0
Electronics and Telecommunications Installers and Repairers,participates,0.08583357007566912,2.0
Electronics and Telecommunications Installers and Repairers,printers,0.06755746450773828,3.0
Electronics and Telecommunications Installers and Repairers,tools,0.0625,4.0
Electronics and Telecommunications Installers and Repairers,experience,0.054031011426510844,5.0
Electronics and Telecommunications Installers and Repairers,electricians,0.04315414648023176,6.0
Electronics and Telecommunications Installers and Repairers,others,0.04216421185954547,7.0
Electronics and Telecommunications Installers and Repairers,other_requirements,0.03835266016488433,8.0
Electronics and Telecommunications Installers and Repairers,tasks,0.03484446382119878,9.0
Electronics and Telecommunications Installers and Repairers,function,0.03428506218062768,10.0
Electronics and Telecommunications Installers and Repairers,video,0.034242638646169936,11.0
Electronics and Telecommunications Installers and Repairers,maintenance,0.033723483324344675,12.0
Electronics and Telecommunications Installers and Repairers,remote_work_option,0.03360488514346914,13.0
Electronics and Telecommunications Installers and Repairers,repair,0.032982551853045446,14.0
Electronics and Telecommunications Installers and Repairers,continuous_training,0.0329066756107626,15.0
Electronics and Telecommunications Installers and Repairers,repairs,0.03288814881846637,16.0
Electronics and Telecommunications Installers and Repairers,good_interpersonal_skills,0.030010445126216364,17.0
Electronics and Telecommunications Installers and Repairers,job_offer,0.02974710251888595,18.0
Electronics and Telecommunications Installers and Repairers,job_code,0.0276669138418828,19.0
Electronics and Telecommunications Installers and Repairers,installation,0.027492533737918913,20.0
Electrotechnology Engineers,experience,0.036103251497799374,1.0
Electrotechnology Engineers,electrical_engineering,0.03257413674006019,2.0
Electrotechnology Engineers,knowledge,0.030690072513739775,3.0
Electrotechnology Engineers,automation,0.025016777008803667,4.0
Electrotechnology Engineers,installation,0.022136654585851522,5.0
Electrotechnology Engineers,technical_documentation,0.021364858237846354,6.0
Electrotechnology Engineers,maintenance,0.019574959861478825,7.0
Electrotechnology Engineers,preparation,0.01921200366641537,8.0
Electrotechnology Engineers,requirements,0.01911549389821463,9.0
Electrotechnology Engineers,work,0.019070799875225794,10.0
Electrotechnology Engineers,ability,0.018908821732806173,11.0
Electrotechnology Engineers,design,0.018106371602492226,12.0
Electrotechnology Engineers,part,0.018089758755068682,13.0
Electrotechnology Engineers,repair,0.017673371482720027,14.0
Electrotechnology Engineers,electrical_installations,0.016538789127693496,15.0
Electrotechnology Engineers,projects,0.016058397939267065,16.0
Electrotechnology Engineers,supervision,0.015684304569729985,17.0
Electrotechnology Engineers,english,0.015165624790448603,18.0
Electrotechnology Engineers,testing,0.014903343295359285,19.0
Electrotechnology Engineers,responsibility,0.014884827254613887,20.0
Engineering Professionals (excluding Electrotechnology),experience,0.04043635250663111,1.0
Engineering Professionals (excluding Electrotechnology),knowledge,0.026820805499173705,2.0
Engineering Professionals (excluding Electrotechnology),production,0.023420725731891533,3.0
Engineering Professionals (excluding Electrotechnology),development,0.020681866567019168,4.0
Engineering Professionals (excluding Electrotechnology),design,0.0202875087361465,5.0
Engineering Professionals (excluding Electrotechnology),english,0.017690828198192166,6.0
Engineering Professionals (excluding Electrotechnology),part,0.017091900477638863,7.0
Engineering Professionals (excluding Electrotechnology),preparation,0.017068329027516912,8.0
Engineering Professionals (excluding Electrotechnology),ability,0.01669178712369253,9.0
Engineering Professionals (excluding Electrotechnology),mechanical_engineering,0.016657743258343613,10.0
Engineering Professionals (excluding Electrotechnology),engineering,0.016006573516235474,11.0
Engineering Professionals (excluding Electrotechnology),responsibility,0.015954885294003403,12.0
Engineering Professionals (excluding Electrotechnology),work,0.015429883699046347,13.0
Engineering Professionals (excluding Electrotechnology),materials,0.014721816612584692,14.0
Engineering Professionals (excluding Electrotechnology),requirements,0.014479600491827494,15.0
Engineering Professionals (excluding Electrotechnology),candidates,0.014391816492667216,16.0
Engineering Professionals (excluding Electrotechnology),maintenance,0.014177343181472847,17.0
Engineering Professionals (excluding Electrotechnology),technical_documentation,0.013894504225930167,18.0
Engineering Professionals (excluding Electrotechnology),implementation,0.013722013287630598,19.0
Engineering Professionals (excluding Electrotechnology),suppliers,0.01350658730645781,20.0
Financial and Mathematical Associate Professionals,finance,0.046986476051913195,1.0
Financial and Mathematical Associate Professionals,english,0.02787432946331682,2.0
Financial and Mathematical Associate Professionals,risk_management,0.025102284233943027,3.0
Financial and Mathematical Associate Professionals,data,0.025083013931774194,4.0
Financial and Mathematical Associate Professionals,candidates,0.023159354041623642,5.0
Financial and Mathematical Associate Professionals,experience,0.022673400678025913,6.0
Financial and Mathematical Associate Professionals,good_knowledge,0.0223313913361016,7.0
Financial and Mathematical Associate Professionals,deviations,0.022136136251142,8.0
Financial and Mathematical Associate Professionals,documents,0.02132206703257027,9.0
Financial and Mathematical Associate Professionals,certificate,0.021294535385482902,10.0
Financial and Mathematical Associate Professionals,part,0.02083043508629611,11.0
Financial and Mathematical Associate Professionals,contracts,0.02052081441047047,12.0
Financial and Mathematical Associate Professionals,our_team,0.02014842571756104,13.0
Financial and Mathematical Associate Professionals,customer_complaints,0.01937268694046915,14.0
Financial and Mathematical Associate Professionals,compliance,0.019033539159944404,15.0
Financial and Mathematical Associate Professionals,mail,0.01862425413391499,16.0
Financial and Mathematical Associate Professionals,controlling,0.018260824407102454,17.0
Financial and Mathematical Associate Professionals,employment,0.018184209195503804,18.0
Financial and Mathematical Associate Professionals,knowledge,0.017992659079231626,19.0
Financial and Mathematical Associate Professionals,employee_benefits,0.01798559338550676,20.0
Food and Related Products Machine Operators,working_hours,0.0758126234485476,1.0
Food and Related Products Machine Operators,end,0.06205896023952375,2.0
Food and Related Products Machine Operators,job_consultation,0.058439244477608066,3.0
Food and Related Products Machine Operators,three_or_four_shifts,0.05760794910705362,4.0
Food and Related Products Machine Operators,work,0.05496453722849658,5.0
Food and Related Products Machine Operators,quality_standards,0.05346862324633676,6.0
Food and Related Products Machine Operators,safety_standards,0.05279302988176263,7.0
Food and Related Products Machine Operators,employment_start,0.04928587139380277,8.0
Food and Related Products Machine Operators,shift_work,0.0463326883690639,9.0
Food and Related Products Machine Operators,materials,0.045830220589272525,10.0
Food and Related Products Machine Operators,staffing,0.04471786517455231,11.0
Food and Related Products Machine Operators,availability,0.044413304455007796,12.0
Food and Related Products Machine Operators,method,0.0434114484310565,13.0
Food and Related Products Machine Operators,candidates,0.04270089367634136,14.0
Food and Related Products Machine Operators,manual_dexterity,0.041820137019936005,15.0
Food and Related Products Machine Operators,thoroughness,0.041820137019936005,15.0
Food and Related Products Machine Operators,assembly,0.04071044632950812,16.0
Food and Related Products Machine Operators,vacation,0.0397229794720471,17.0
Food and Related Products Machine Operators,legislative_decree,0.03840197541103027,18.0
Food and Related Products Machine Operators,budapest,0.03789440807639451,19.0
Food and Related Products Machine Operators,main_responsibilities,0.03488375156862371,20.0
Garment and Related Trades Workers,assembly,0.07374853900356293,1.0
Garment and Related Trades Workers,people,0.058823529411764705,2.0
Garment and Related Trades Workers,different_types,0.04650535869998056,3.0
Garment and Related Trades Workers,experience,0.04370153841456509,4.0
Garment and Related Trades Workers,candidates,0.040747666682029615,5.0
Garment and Related Trades Workers,precision,0.03918147862090996,6.0
Garment and Related Trades Workers,knowledge,0.036753674339506014,7.0
Garment and Related Trades Workers,cooperation,0.0357467000897413,8.0
Garment and Related Trades Workers,panayiota_panayi,0.03492528397986854,9.0
Garment and Related Trades Workers,heating,0.03471325131884775,10.0
Garment and Related Trades Workers,bonuses,0.03445564473486889,11.0
Garment and Related Trades Workers,fashion,0.034400791707308545,12.0
Garment and Related Trades Workers,assistance,0.03408941842200693,13.0
Garment and Related Trades Workers,connection,0.033062204206322936,14.0
Garment and Related Trades Workers,attention,0.03288916678886908,15.0
Garment and Related Trades Workers,training,0.0328292568483846,16.0
Garment and Related Trades Workers,detail,0.03278109164351713,17.0
Garment and Related Trades Workers,eures_advisor,0.032048553062770685,18.0
Garment and Related Trades Workers,production,0.031899285618372464,19.0
Garment and Related Trades Workers,equipment,0.029420156692803533,20.0
Information and Communications Technology Operations and User Support Technicians,experience,0.03168772349641296,1.0
Information and Communications Technology Operations and User Support Technicians,knowledge,0.03139787872674476,2.0
Information and Communications Technology Operations and User Support Technicians,printers,0.026003051701296267,3.0
Information and Communications Technology Operations and User Support Technicians,customers,0.02591655596270874,4.0
Information and Communications Technology Operations and User Support Technicians,english,0.02470799125042392,5.0
Information and Communications Technology Operations and User Support Technicians,maintenance,0.02466047484490069,6.0
Information and Communications Technology Operations and User Support Technicians,sofia,0.023239387443868394,7.0
Information and Communications Technology Operations and User Support Technicians,ability,0.022770668354184943,8.0
Information and Communications Technology Operations and User Support Technicians,clients,0.022034146640394162,9.0
Information and Communications Technology Operations and User Support Technicians,systems,0.020418477686901977,10.0
Information and Communications Technology Operations and User Support Technicians,part,0.020244261890775956,11.0
Information and Communications Technology Operations and User Support Technicians,installation,0.019596630861251345,12.0
Information and Communications Technology Operations and User Support Technicians,applications,0.018675304015512265,13.0
Information and Communications Technology Operations and User Support Technicians,candidates,0.018631144268846288,14.0
Information and Communications Technology Operations and User Support Technicians,technical_support,0.0183026486155701,15.0
Information and Communications Technology Operations and User Support Technicians,competitive_salary,0.0179699440219155,16.0
Information and Communications Technology Operations and User Support Technicians,email,0.017845951771085337,17.0
Information and Communications Technology Operations and User Support Technicians,training,0.017456287561529952,18.0
Information and Communications Technology Operations and User Support Technicians,maria_pitsillidou,0.017329166320799595,19.0
Information and Communications Technology Operations and User Support Technicians,your_career,0.017273557663659046,20.0
Information and Communications Technology Services Managers,experience,0.04194966085270442,1.0
Information and Communications Technology Services Managers,management,0.03197841513776957,2.0
Information and Communications Technology Services Managers,knowledge,0.031087116160367582,3.0
Information and Communications Technology Services Managers,projects,0.028937020213949425,4.0
Information and Communications Technology Services Managers,security,0.02772017130361226,5.0
Information and Communications Technology Services Managers,applications,0.02628015378058354,6.0
Information and Communications Technology Services Managers,automation,0.026037150871841143,7.0
Information and Communications Technology Services Managers,implementation,0.023725843846740095,8.0
Information and Communications Technology Services Managers,part,0.023160305438498854,9.0
Information and Communications Technology Services Managers,cybersecurity,0.02193591805641978,10.0
Information and Communications Technology Services Managers,candidates,0.021598417378986358,11.0
Information and Communications Technology Services Managers,clients,0.020682953259932278,12.0
Information and Communications Technology Services Managers,compliance,0.018640538926725635,13.0
Information and Communications Technology Services Managers,collaboration,0.018412920251915134,14.0
Information and Communications Technology Services Managers,our_clients,0.01838931186289747,15.0
Information and Communications Technology Services Managers,expertise,0.017755895854062526,16.0
Information and Communications Technology Services Managers,monitoring,0.017522157377895094,17.0
Information and Communications Technology Services Managers,coordination,0.017461021897475223,18.0
Information and Communications Technology Services Managers,english,0.017160070980994094,19.0
Information and Communications Technology Services Managers,infrastructure,0.016836701054767745,20.0
Life Science Professionals,experience,0.041332466908271984,1.0
Life Science Professionals,part,0.03244962483210928,2.0
Life Science Professionals,research,0.02740399333775012,3.0
Life Science Professionals,knowledge,0.026984458254091147,4.0
Life Science Professionals,applications,0.02533344398234607,5.0
Life Science Professionals,english,0.024516674981419052,6.0
Life Science Professionals,applicants,0.02242881707163408,7.0
Life Science Professionals,chemistry,0.016444917220852,8.0
Life Science Professionals,science,0.016194541268658342,9.0
Life Science Professionals,your_application,0.015912679408729608,10.0
Life Science Professionals,biology,0.014728196253412368,11.0
Life Science Professionals,development,0.01455073084871963,12.0
Life Science Professionals,people,0.014536841061726351,13.0
Life Science Professionals,list,0.014420910983537096,14.0
Life Science Professionals,innovation,0.014078096063698364,15.0
Life Science Professionals,employment,0.013993715190917584,16.0
Life Science Professionals,expertise,0.013962066538757206,17.0
Life Science Professionals,ability,0.013877617331129567,18.0
Life Science Professionals,access,0.013588191789755892,19.0
Life Science Professionals,results,0.013519987823532802,20.0
Life Science Technicians and Related Associate Professionals,raw_materials,0.036939090904038845,1.0
Life Science Technicians and Related Associate Professionals,samples,0.033078154111243936,2.0
Life Science Technicians and Related Associate Professionals,education,0.02982849132241175,3.0
Life Science Technicians and Related Associate Professionals,experience,0.02822852676265943,4.0
Life Science Technicians and Related Associate Professionals,knowledge,0.027951176602894347,5.0
Life Science Technicians and Related Associate Professionals,requirements,0.027300824748988744,6.0
Life Science Technicians and Related Associate Professionals,chemistry,0.026555895209485664,7.0
Life Science Technicians and Related Associate Professionals,quality_control,0.025947922469405426,8.0
Life Science Technicians and Related Associate Professionals,polish,0.025155095419186292,9.0
Life Science Technicians and Related Associate Professionals,equipment,0.02328508596668295,10.0
Life Science Technicians and Related Associate Professionals,quality,0.022035139640647735,11.0
Life Science Technicians and Related Associate Professionals,compliance,0.021479148825771167,12.0
Life Science Technicians and Related Associate Professionals,production,0.01947183707602662,13.0
Life Science Technicians and Related Associate Professionals,accordance,0.0191244515261839,14.0
Life Science Technicians and Related Associate Professionals,work,0.018976825843744424,15.0
Life Science Technicians and Related Associate Professionals,application_method,0.018381794791594547,16.0
Life Science Technicians and Related Associate Professionals,analyses,0.01836212641355393,17.0
Life Science Technicians and Related Associate Professionals,documentation,0.01798098219593975,18.0
Life Science Technicians and Related Associate Professionals,duties,0.017512593137580926,19.0
Life Science Technicians and Related Associate Professionals,finished_products,0.01703365546516425,20.0
Machinery Mechanics and Repairers,repair,0.06676817690323862,1.0
Machinery Mechanics and Repairers,machines,0.05439326832120424,2.0
Machinery Mechanics and Repairers,work,0.03754022230122393,3.0
Machinery Mechanics and Repairers,maintenance,0.03568470643733921,4.0
Machinery Mechanics and Repairers,copy,0.032553552124128575,5.0
Machinery Mechanics and Repairers,mechanics,0.03175722207524722,6.0
Machinery Mechanics and Repairers,parts,0.02947896588554144,7.0
Machinery Mechanics and Repairers,equipment,0.02699936724856826,8.0
Machinery Mechanics and Repairers,experience,0.02647976425412838,9.0
Machinery Mechanics and Repairers,work_schedule,0.02226959969189341,10.0
Machinery Mechanics and Repairers,three_or_four_shifts,0.020961676723990803,11.0
Machinery Mechanics and Repairers,faults,0.020905871667715657,12.0
Machinery Mechanics and Repairers,maria_pitsillidou,0.02075689801211392,13.0
Machinery Mechanics and Repairers,repairs,0.019832506772106323,14.0
Machinery Mechanics and Repairers,technical_drawings,0.019411648596664017,15.0
Machinery Mechanics and Repairers,requirements,0.019169963637776982,16.0
Machinery Mechanics and Repairers,ireland,0.018581236938440958,17.0
Machinery Mechanics and Repairers,phone,0.01855212191937035,18.0
Machinery Mechanics and Repairers,reliability,0.01832465150825742,19.0
Machinery Mechanics and Repairers,mechanic,0.018301807954796082,20.0
Manufacturing Labourers,work,0.06312901459920761,1.0
Manufacturing Labourers,packaging,0.0413673331553565,2.0
Manufacturing Labourers,tires,0.036365773724808946,3.0
Manufacturing Labourers,tasks,0.035936310830930705,4.0
Manufacturing Labourers,home_option,0.03521362018947356,5.0
Manufacturing Labourers,machines,0.03493199437872908,6.0
Manufacturing Labourers,semi-finished_products,0.031934791197764,7.0
Manufacturing Labourers,accuracy,0.03079200609936487,8.0
Manufacturing Labourers,experience,0.029960930536329016,9.0
Manufacturing Labourers,willingness,0.029616445964618158,10.0
Manufacturing Labourers,possibility,0.028465891794068672,11.0
Manufacturing Labourers,permanent_employment,0.028100570781511815,12.0
Manufacturing Labourers,home,0.028065240413285824,13.0
Manufacturing Labourers,other_requirements,0.028037855128841244,14.0
Manufacturing Labourers,production,0.02743455654008368,15.0
Manufacturing Labourers,competitive_salary,0.027325796091720398,16.0
Manufacturing Labourers,waste,0.026239609913246083,17.0
Manufacturing Labourers,istanbul,0.025601401512512417,18.0
Manufacturing Labourers,materials,0.02555293907291639,19.0
Manufacturing Labourers,good_working_conditions,0.025322145805909614,20.0
"Manufacturing, Mining, Construction and Distribution Managers",experience,0.037001720317864535,1.0
"Manufacturing, Mining, Construction and Distribution Managers",planning,0.029064361373829613,2.0
"Manufacturing, Mining, Construction and Distribution Managers",projects,0.028097487968110988,3.0
"Manufacturing, Mining, Construction and Distribution Managers",quality,0.02677477594501601,4.0
"Manufacturing, Mining, Construction and Distribution Managers",production,0.024460427801621817,5.0
"Manufacturing, Mining, Construction and Distribution Managers",knowledge,0.02424153800460709,6.0
"Manufacturing, Mining, Construction and Distribution Managers",coordination,0.02369185703555567,7.0
"Manufacturing, Mining, Construction and Distribution Managers",management,0.021863618698492293,8.0
"Manufacturing, Mining, Construction and Distribution Managers",construction,0.019554400431764124,9.0
"Manufacturing, Mining, Construction and Distribution Managers",autocad,0.019010341924217543,10.0
"Manufacturing, Mining, Construction and Distribution Managers",clients,0.018436500548453947,11.0
"Manufacturing, Mining, Construction and Distribution Managers",organization,0.018213319321699416,12.0
"Manufacturing, Mining, Construction and Distribution Managers",safety,0.018124649162336585,13.0
"Manufacturing, Mining, Construction and Distribution Managers",control,0.01771301563660132,14.0
"Manufacturing, Mining, Construction and Distribution Managers",deadlines,0.017677502158968756,15.0
"Manufacturing, Mining, Construction and Distribution Managers",project_management,0.01722088527473727,16.0
"Manufacturing, Mining, Construction and Distribution Managers",preparation,0.016502474826081238,17.0
"Manufacturing, Mining, Construction and Distribution Managers",work,0.01639620560818395,18.0
"Manufacturing, Mining, Construction and Distribution Managers",subcontractors,0.016078803350589154,19.0
"Manufacturing, Mining, Construction and Distribution Managers",compliance,0.01606743713107925,20.0
Material Recording and Transport Clerks,goods,0.1249638472974778,1.0
Material Recording and Transport Clerks,materials,0.05803222679066836,2.0
Material Recording and Transport Clerks,products,0.048772615312587045,3.0
Material Recording and Transport Clerks,instructions,0.04551824733763085,4.0
Material Recording and Transport Clerks,part,0.04324879874245555,5.0
Material Recording and Transport Clerks,your_tasks,0.04174132686685187,6.0
Material Recording and Transport Clerks,personnel,0.03983456470997754,7.0
Material Recording and Transport Clerks,records,0.03865145722799905,8.0
Material Recording and Transport Clerks,willingness,0.03777787932197164,9.0
Material Recording and Transport Clerks,good_working_conditions,0.037436328435125704,10.0
Material Recording and Transport Clerks,at_least_2_years,0.0366012693034057,11.0
Material Recording and Transport Clerks,m/f/x,0.03547941106241607,12.0
Material Recording and Transport Clerks,production,0.03336525113339537,13.0
Material Recording and Transport Clerks,equipment,0.032600283560850235,14.0
Material Recording and Transport Clerks,shipping,0.03232997407076442,15.0
Material Recording and Transport Clerks,work,0.03179244354305116,16.0
Material Recording and Transport Clerks,adecco,0.031753034037816937,17.0
Material Recording and Transport Clerks,organization,0.031163656908084217,18.0
Material Recording and Transport Clerks,completed_military_service,0.028206827671044116,19.0
Material Recording and Transport Clerks,teamwork,0.026905494644075607,20.0
"Mathematicians, Actuaries and Statisticians",data,0.0488990297464504,1.0
"Mathematicians, Actuaries and Statisticians",statistics,0.048428839642477205,2.0
"Mathematicians, Actuaries and Statisticians",mathematics,0.04832877993596853,3.0
"Mathematicians, Actuaries and Statisticians",experience,0.034427797974711724,4.0
"Mathematicians, Actuaries and Statisticians",python,0.03219405751079059,5.0
"Mathematicians, Actuaries and Statisticians",research,0.028126841307321588,6.0
"Mathematicians, Actuaries and Statisticians",management,0.02764729675516755,7.0
"Mathematicians, Actuaries and Statisticians",computer_science,0.02620828773720273,8.0
"Mathematicians, Actuaries and Statisticians",knowledge,0.024723880971468947,9.0
"Mathematicians, Actuaries and Statisticians",data_science,0.0244638948153259,10.0
"Mathematicians, Actuaries and Statisticians",english,0.024175582390405393,11.0
"Mathematicians, Actuaries and Statisticians",applications,0.024157236647014996,12.0
"Mathematicians, Actuaries and Statisticians",part,0.023849331052072736,13.0
"Mathematicians, Actuaries and Statisticians",development,0.02369269634004101,14.0
"Mathematicians, Actuaries and Statisticians",machine_learning,0.022930901563205916,15.0
"Mathematicians, Actuaries and Statisticians",sql,0.02251136270372736,16.0
"Mathematicians, Actuaries and Statisticians",candidates,0.02129880426779613,17.0
"Mathematicians, Actuaries and Statisticians",risk_management,0.021042778478516707,18.0
"Mathematicians, Actuaries and Statisticians",data_analysis,0.020692806241192473,19.0
"Mathematicians, Actuaries and Statisticians",bioinformatics,0.01989821553374716,20.0
Medical and Pharmaceutical Technicians,work,0.023812435184504828,1.0
Medical and Pharmaceutical Technicians,candidates,0.023375462853806594,2.0
Medical and Pharmaceutical Technicians,experience,0.022067276411426397,3.0
Medical and Pharmaceutical Technicians,ability,0.021337285134520465,4.0
Medical and Pharmaceutical Technicians,education,0.021182548991527547,5.0
Medical and Pharmaceutical Technicians,samples,0.021142342290041582,6.0
Medical and Pharmaceutical Technicians,maintenance,0.02112810284386365,7.0
Medical and Pharmaceutical Technicians,instructions,0.020100554185060782,8.0
Medical and Pharmaceutical Technicians,patients,0.01948604137158721,9.0
Medical and Pharmaceutical Technicians,equipment,0.017979777547688158,10.0
Medical and Pharmaceutical Technicians,safety,0.017256448115684848,11.0
Medical and Pharmaceutical Technicians,training,0.016165046269125252,12.0
Medical and Pharmaceutical Technicians,knowledge,0.015281744196977256,13.0
Medical and Pharmaceutical Technicians,employment,0.015069838027822826,14.0
Medical and Pharmaceutical Technicians,laboratory,0.014990743555308475,15.0
Medical and Pharmaceutical Technicians,requirements,0.014666701111856677,16.0
Medical and Pharmaceutical Technicians,compliance,0.01436802991760045,17.0
Medical and Pharmaceutical Technicians,analyses,0.014241208932771915,18.0
Medical and Pharmaceutical Technicians,air_conditioning,0.014117632234802694,19.0
Medical and Pharmaceutical Technicians,tests,0.014112725824389303,20.0
Metal Processing and Finishing Plant Operators,our_part,0.1301864141153535,1.0
Metal Processing and Finishing Plant Operators,remote_work_option,0.12441917688118939,2.0
Metal Processing and Finishing Plant Operators,other_requirements,0.10148774030958628,3.0
Metal Processing and Finishing Plant Operators,profile,0.09176567595256822,4.0
Metal Processing and Finishing Plant Operators,ing,0.07653718818584537,5.0
Metal Processing and Finishing Plant Operators,their_team,0.07333938339924151,6.0
Metal Processing and Finishing Plant Operators,phone,0.06672527231403734,7.0
Metal Processing and Finishing Plant Operators,adjustments,0.05583041352195619,8.0
Metal Processing and Finishing Plant Operators,drawings,0.0550443769348564,9.0
Metal Processing and Finishing Plant Operators,tooling,0.054123805846714744,10.0
Metal Processing and Finishing Plant Operators,monday,0.050529558476123726,11.0
Metal Processing and Finishing Plant Operators,salary,0.048909253384029586,12.0
Metal Processing and Finishing Plant Operators,job_responsibilities,0.0483225382299296,13.0
Metal Processing and Finishing Plant Operators,friday,0.045874243084454175,14.0
Metal Processing and Finishing Plant Operators,technical_understanding,0.04560249093283612,15.0
Metal Processing and Finishing Plant Operators,short_decision-making_paths,0.04469973298352184,16.0
Metal Processing and Finishing Plant Operators,production,0.04010617714321269,17.0
Metal Processing and Finishing Plant Operators,your_profile,0.03996268209117797,18.0
Metal Processing and Finishing Plant Operators,materials,0.039150579568459826,19.0
Metal Processing and Finishing Plant Operators,experience,0.03835994437716003,20.0
Mining and Construction Labourers,concrete,0.05350676444479013,1.0
Mining and Construction Labourers,requirements,0.05283484630421631,2.0
Mining and Construction Labourers,construction,0.04859292993104346,3.0
Mining and Construction Labourers,job_responsibilities,0.04224278929172207,4.0
Mining and Construction Labourers,work,0.040007207203353,5.0
Mining and Construction Labourers,workers,0.03954316368762682,6.0
Mining and Construction Labourers,individuals,0.03650429873033064,7.0
Mining and Construction Labourers,occupational_health_and_safety_rules,0.03538255209554063,8.0
Mining and Construction Labourers,use,0.034822072491466356,9.0
Mining and Construction Labourers,polish,0.033260975049154096,10.0
Mining and Construction Labourers,probationary_work,0.03106827813005951,11.0
Mining and Construction Labourers,application_method,0.029525038770017758,12.0
Mining and Construction Labourers,preparation,0.028454111088034313,13.0
Mining and Construction Labourers,materials,0.027895222185694155,14.0
Mining and Construction Labourers,candidates,0.02781150892879941,15.0
Mining and Construction Labourers,foundations,0.02746040753454164,16.0
Mining and Construction Labourers,fixed_term,0.02596880576735732,17.0
Mining and Construction Labourers,education,0.02583970632786579,18.0
Mining and Construction Labourers,phone,0.025559734293961925,19.0
Mining and Construction Labourers,construction_sites,0.024856373855120528,20.0
Mining and Mineral Processing Plant Operators,machine,0.07355880382213573,1.0
Mining and Mineral Processing Plant Operators,experience,0.06835864078419436,2.0
Mining and Mineral Processing Plant Operators,application_method,0.06783612848937544,3.0
Mining and Mineral Processing Plant Operators,polish,0.06345789841688156,4.0
Mining and Mineral Processing Plant Operators,operators,0.060741833237478955,5.0
Mining and Mineral Processing Plant Operators,generators,0.05710500155737181,6.0
Mining and Mineral Processing Plant Operators,education,0.05432955265055471,7.0
Mining and Mineral Processing Plant Operators,persons,0.04727263570072468,8.0
Mining and Mineral Processing Plant Operators,duties,0.046334590899624765,9.0
Mining and Mineral Processing Plant Operators,operation,0.04406888465547395,10.0
Mining and Mineral Processing Plant Operators,requirements,0.041963888907705534,11.0
Mining and Mineral Processing Plant Operators,necessary_information,0.040800906379770824,12.0
Mining and Mineral Processing Plant Operators,inventories,0.03946977260870736,13.0
Mining and Mineral Processing Plant Operators,high_school,0.03479285027671632,14.0
Mining and Mineral Processing Plant Operators,scope,0.03459703033102319,15.0
Mining and Mineral Processing Plant Operators,2-3_years,0.03278669124160956,16.0
Mining and Mineral Processing Plant Operators,products,0.03260493078490789,17.0
Mining and Mineral Processing Plant Operators,good_command,0.03244342848623306,18.0
Mining and Mineral Processing Plant Operators,travel_expenses,0.03212743212832125,19.0
Mining and Mineral Processing Plant Operators,applications,0.03204414780038879,20.0
"Mining, Manufacturing and Construction Supervisors",production,0.044652483749543594,1.0
"Mining, Manufacturing and Construction Supervisors",work,0.04306999187671047,2.0
"Mining, Manufacturing and Construction Supervisors",knowledge,0.03420106004103088,3.0
"Mining, Manufacturing and Construction Supervisors",behalf,0.03358034469331263,4.0
"Mining, Manufacturing and Construction Supervisors",fortes_engineering,0.033041884484065115,5.0
"Mining, Manufacturing and Construction Supervisors",quality,0.031099377809708024,6.0
"Mining, Manufacturing and Construction Supervisors",compliance,0.03012170198305584,7.0
"Mining, Manufacturing and Construction Supervisors",maria_ioakim,0.027969912850577597,8.0
"Mining, Manufacturing and Construction Supervisors",coordination,0.02702521786369541,9.0
"Mining, Manufacturing and Construction Supervisors",supervision,0.026049406678586084,10.0
"Mining, Manufacturing and Construction Supervisors",employees,0.025508759536607976,11.0
"Mining, Manufacturing and Construction Supervisors",experience,0.025355176593347094,12.0
"Mining, Manufacturing and Construction Supervisors",order,0.024800078708268804,13.0
"Mining, Manufacturing and Construction Supervisors",responsibility,0.02475162857210368,14.0
"Mining, Manufacturing and Construction Supervisors",organization,0.021940212405965328,15.0
"Mining, Manufacturing and Construction Supervisors",civil_engineering,0.02146658711739283,16.0
"Mining, Manufacturing and Construction Supervisors",duties,0.02069791071801144,17.0
"Mining, Manufacturing and Construction Supervisors",professional_experience,0.020314978180516103,18.0
"Mining, Manufacturing and Construction Supervisors",customers,0.019890176985596232,19.0
"Mining, Manufacturing and Construction Supervisors",communication,0.019465248107190074,20.0
Mobile Plant Operators,prodromos_chrysanthou,0.072748794554717,1.0
Mobile Plant Operators,proper_functioning,0.06763870809382852,2.0
Mobile Plant Operators,operation,0.06746988431979199,3.0
Mobile Plant Operators,punctuality,0.06295204407106676,4.0
Mobile Plant Operators,equipment,0.06186415319838513,5.0
Mobile Plant Operators,responsibilities,0.05555555555555555,6.0
Mobile Plant Operators,inspection,0.05317355084631278,7.0
Mobile Plant Operators,maintenance,0.05279812463640704,8.0
Mobile Plant Operators,professionalism,0.04867532768237347,9.0
Mobile Plant Operators,machinery,0.045484481922147435,10.0
Mobile Plant Operators,job,0.04387217232787161,11.0
Mobile Plant Operators,placement,0.04381908080127646,12.0
Mobile Plant Operators,english_language,0.04211905667411862,13.0
Mobile Plant Operators,unloading,0.03986941586665928,14.0
Mobile Plant Operators,experience,0.03890386413053901,15.0
Mobile Plant Operators,part,0.037883545742127586,16.0
Mobile Plant Operators,copy,0.03658412763578507,17.0
Mobile Plant Operators,others,0.03504101962857294,18.0
Mobile Plant Operators,construction_materials,0.03485488207505759,19.0
Mobile Plant Operators,problems,0.03433381950756023,20.0
Other Clerical Support Workers,documents,0.04607369409126632,1.0
Other Clerical Support Workers,brands,0.03676288080408038,2.0
Other Clerical Support Workers,fortes_engineering,0.0320521213540281,3.0
Other Clerical Support Workers,organization,0.031798679562155915,4.0
Other Clerical Support Workers,turkey,0.029635776889319163,5.0
Other Clerical Support Workers,tasks,0.028474593741802244,6.0
Other Clerical Support Workers,email,0.02496451559783714,7.0
Other Clerical Support Workers,orders,0.024891901488323737,8.0
Other Clerical Support Workers,military_service,0.024468509236723824,9.0
Other Clerical Support Workers,compliance,0.024195011323292805,10.0
Other Clerical Support Workers,front,0.02209967253205541,11.0
Other Clerical Support Workers,games,0.021229342397219478,12.0
Other Clerical Support Workers,behavior,0.020709440492982328,13.0
Other Clerical Support Workers,training,0.020566934991335106,14.0
Other Clerical Support Workers,invoices,0.02040816326530612,15.0
Other Clerical Support Workers,monitors,0.02040816326530612,15.0
Other Clerical Support Workers,requirements,0.020352876059747015,16.0
Other Clerical Support Workers,phone,0.02030853855031007,17.0
Other Clerical Support Workers,customers,0.019891781371299325,18.0
Other Clerical Support Workers,disabilities,0.01938314269539867,19.0
Other Clerical Support Workers,ability,0.019165611047189467,20.0
Other Craft and Related Workers,diligence,0.13170264195121614,1.0
Other Craft and Related Workers,windows,0.1297880480742069,2.0
Other Craft and Related Workers,remote_work_option,0.12362599706077491,3.0
Other Craft and Related Workers,work,0.0983723968077132,4.0
Other Craft and Related Workers,electrical_components,0.0936526186667547,5.0
Other Craft and Related Workers,sketches,0.09262643031480268,6.0
Other Craft and Related Workers,job_responsibilities,0.09048987765201912,7.0
Other Craft and Related Workers,technical_standards,0.08996438771610386,8.0
Other Craft and Related Workers,cables,0.08918714913238102,9.0
Other Craft and Related Workers,cutting,0.08845434910345343,10.0
Other Craft and Related Workers,interpretation,0.08107788720215175,11.0
Other Craft and Related Workers,site,0.07854986209803254,12.0
Other Craft and Related Workers,projects,0.07749460899053205,13.0
Other Craft and Related Workers,work_instructions,0.07728988524041189,14.0
Other Craft and Related Workers,opportunities,0.0769465997436891,15.0
Other Craft and Related Workers,our_team,0.07541357757427142,16.0
Other Craft and Related Workers,finished_products,0.07460922170855963,17.0
Other Craft and Related Workers,locations,0.07069419820893763,18.0
Other Craft and Related Workers,experience,0.0656409297117528,19.0
Other Craft and Related Workers,responsibility,0.0624863286330343,20.0
Other Elementary Workers,none,0.04590387276841817,1.0
Other Elementary Workers,waste,0.03805727565821481,2.0
Other Elementary Workers,surfaces,0.0356985641991988,3.0
Other Elementary Workers,works,0.03333333333333333,4.0
Other Elementary Workers,cleaning,0.031609609894926685,5.0
Other Elementary Workers,research_results,0.03106184656339649,6.0
Other Elementary Workers,guests,0.030998942517137744,7.0
Other Elementary Workers,job_responsibilities,0.030906374392784104,8.0
Other Elementary Workers,application_method,0.029993215960263428,9.0
Other Elementary Workers,machines,0.02835112115041857,10.0
Other Elementary Workers,order,0.028016687116382496,11.0
Other Elementary Workers,transportation,0.02698092617460029,12.0
Other Elementary Workers,types,0.026206627589637568,13.0
Other Elementary Workers,learning,0.026178901320433153,14.0
Other Elementary Workers,supplies,0.025831633952224622,15.0
Other Elementary Workers,high_level,0.025700689370587556,16.0
Other Elementary Workers,cleanliness,0.024931484316942,17.0
Other Elementary Workers,someone,0.024275062483200334,18.0
Other Elementary Workers,heights,0.023543419296769744,19.0
Other Elementary Workers,resources,0.022830476122465342,20.0
Other Health Associate Professionals,health,0.1144570624593213,1.0
Other Health Associate Professionals,children,0.08484508407587689,2.0
Other Health Associate Professionals,education,0.053339892975779624,3.0
Other Health Associate Professionals,updating,0.05131977350415487,4.0
Other Health Associate Professionals,healthcare,0.04928723770967086,5.0
Other Health Associate Professionals,empathy,0.04891826362411824,6.0
Other Health Associate Professionals,procedures,0.04550325696344539,7.0
Other Health Associate Professionals,ability,0.04333900233822857,8.0
Other Health Associate Professionals,instructions,0.04227024230507288,9.0
Other Health Associate Professionals,nutrition,0.03864462534188765,10.0
Other Health Associate Professionals,life,0.03799967835004423,11.0
Other Health Associate Professionals,cooperation,0.037741394287597214,12.0
Other Health Associate Professionals,order,0.03633505774099489,13.0
Other Health Associate Professionals,equivalent_qualification,0.035465850302938855,14.0
Other Health Associate Professionals,hygiene,0.035002230889026015,15.0
Other Health Associate Professionals,india,0.0346734549147636,16.0
Other Health Associate Professionals,environmental_standards,0.03457135657682984,17.0
Other Health Associate Professionals,meals,0.034192133003437375,18.0
Other Health Associate Professionals,preparation,0.032445963066152037,19.0
Other Health Associate Professionals,interaction,0.0320306140172576,20.0
Other Stationary Plant and Machine Operators,operation,0.05313133577905496,1.0
Other Stationary Plant and Machine Operators,work,0.04334279373039099,2.0
Other Stationary Plant and Machine Operators,precision,0.037191973856075145,3.0
Other Stationary Plant and Machine Operators,experience,0.03532633263938735,4.0
Other Stationary Plant and Machine Operators,maintenance,0.034144715756044185,5.0
Other Stationary Plant and Machine Operators,them,0.03244290499240373,6.0
Other Stationary Plant and Machine Operators,drawings,0.031700948296785075,7.0
Other Stationary Plant and Machine Operators,equipment,0.029076346800853522,8.0
Other Stationary Plant and Machine Operators,good_knowledge,0.02866402972095068,9.0
Other Stationary Plant and Machine Operators,cnc_machines,0.028354689641577894,10.0
Other Stationary Plant and Machine Operators,prodromos_chrysanthou,0.02808072156420922,11.0
Other Stationary Plant and Machine Operators,shifts,0.027541042569538668,12.0
Other Stationary Plant and Machine Operators,room,0.02631578947368421,13.0
Other Stationary Plant and Machine Operators,goods,0.025686393581081313,14.0
Other Stationary Plant and Machine Operators,responsibility,0.025610810382654975,15.0
Other Stationary Plant and Machine Operators,machines,0.02517261394280219,16.0
Other Stationary Plant and Machine Operators,tools,0.02510189843395019,17.0
Other Stationary Plant and Machine Operators,applications,0.024151524283550968,18.0
Other Stationary Plant and Machine Operators,shift_work,0.02323846052733911,19.0
Other Stationary Plant and Machine Operators,previous_experience,0.022290540638545898,20.0
"Painters, Building Structure Cleaners and Related Trades Workers",eures_advisor,0.17794643474685085,1.0
"Painters, Building Structure Cleaners and Related Trades Workers",maria_pitsillidou,0.17559916389574512,2.0
"Painters, Building Structure Cleaners and Related Trades Workers",phone_number,0.115739436799074,3.0
"Painters, Building Structure Cleaners and Related Trades Workers",+45,0.11125426480171535,4.0
"Painters, Building Structure Cleaners and Related Trades Workers",your_role,0.10983061048652613,5.0
"Painters, Building Structure Cleaners and Related Trades Workers",flexibility,0.10088783444318952,6.0
"Painters, Building Structure Cleaners and Related Trades Workers",exciting_projects,0.09727925390587376,7.0
"Painters, Building Structure Cleaners and Related Trades Workers",techniques,0.09478490740921826,8.0
"Painters, Building Structure Cleaners and Related Trades Workers",customized_solutions,0.08481837515061239,9.0
"Painters, Building Structure Cleaners and Related Trades Workers",one_shift,0.08481837515061239,9.0
"Painters, Building Structure Cleaners and Related Trades Workers",each_employee,0.08381996519786732,10.0
"Painters, Building Structure Cleaners and Related Trades Workers",metal,0.07686487449666098,11.0
"Painters, Building Structure Cleaners and Related Trades Workers",two_shifts,0.07686487449666098,11.0
"Painters, Building Structure Cleaners and Related Trades Workers",detail,0.07656863825415981,12.0
"Painters, Building Structure Cleaners and Related Trades Workers",requirements,0.07511320651869782,13.0
"Painters, Building Structure Cleaners and Related Trades Workers",mechanics,0.07176718363773396,14.0
"Painters, Building Structure Cleaners and Related Trades Workers",materials,0.06597205174688066,15.0
"Painters, Building Structure Cleaners and Related Trades Workers",email,0.06480387358589312,16.0
"Painters, Building Structure Cleaners and Related Trades Workers",experience,0.05621384342252228,17.0
"Painters, Building Structure Cleaners and Related Trades Workers",friday,0.05499257473358225,18.0
"Painters, Building Structure Cleaners and Related Trades Workers",gi_group_s_specialization,0.05050797698021802,19.0
"Painters, Building Structure Cleaners and Related Trades Workers",high-quality_components,0.05050797698021802,19.0
"Painters, Building Structure Cleaners and Related Trades Workers",all_our_job_listings,0.05002065916031065,20.0
Physical and Earth Science Professionals,research,0.05861534789625545,1.0
Physical and Earth Science Professionals,experience,0.04392843722770225,2.0
Physical and Earth Science Professionals,list,0.03845711846499621,3.0
Physical and Earth Science Professionals,applications,0.033054623105531616,4.0
Physical and Earth Science Professionals,part,0.03163403777747927,5.0
Physical and Earth Science Professionals,publications,0.027754961816285496,6.0
Physical and Earth Science Professionals,ability,0.02747733926614746,7.0
Physical and Earth Science Professionals,science,0.027206983517871645,8.0
Physical and Earth Science Professionals,english,0.027051420855424505,9.0
Physical and Earth Science Professionals,materials_science,0.023573941478771326,10.0
Physical and Earth Science Professionals,dtu,0.022413441545554195,11.0
Physical and Earth Science Professionals,aarhus_university,0.022290788237372558,12.0
Physical and Earth Science Professionals,physics,0.02225665531846532,13.0
Physical and Earth Science Professionals,materials,0.021733793637514844,14.0
Physical and Earth Science Professionals,natural_sciences,0.020944504453411245,15.0
Physical and Earth Science Professionals,applicants,0.02088467335495468,16.0
Physical and Earth Science Professionals,technology,0.020865224901202288,17.0
Physical and Earth Science Professionals,our_workforce,0.020844649905570778,18.0
Physical and Earth Science Professionals,chemistry,0.020769393514556284,19.0
Physical and Earth Science Professionals,education,0.020684460790327663,20.0
Physical and Engineering Science Technicians,maintenance,0.04208379922224554,1.0
Physical and Engineering Science Technicians,equipment,0.02847168349166913,2.0
Physical and Engineering Science Technicians,experience,0.027079876334551802,3.0
Physical and Engineering Science Technicians,repair,0.025176093846696165,4.0
Physical and Engineering Science Technicians,responsibility,0.023915733308687914,5.0
Physical and Engineering Science Technicians,knowledge,0.02358428757097972,6.0
Physical and Engineering Science Technicians,machines,0.021961463430482508,7.0
Physical and Engineering Science Technicians,production,0.021745435635285332,8.0
Physical and Engineering Science Technicians,shifts,0.0206904378203898,9.0
Physical and Engineering Science Technicians,work,0.018946981520837188,10.0
Physical and Engineering Science Technicians,candidates,0.018809692933295576,11.0
Physical and Engineering Science Technicians,quality_control,0.018643400152436446,12.0
Physical and Engineering Science Technicians,training,0.018518323609187325,13.0
Physical and Engineering Science Technicians,ability,0.018175003146923694,14.0
Physical and Engineering Science Technicians,mechatronics,0.01730408631732541,15.0
Physical and Engineering Science Technicians,compliance,0.016681122233204584,16.0
Physical and Engineering Science Technicians,parts,0.015754401966398456,17.0
Physical and Engineering Science Technicians,heating,0.015272173544529663,18.0
Physical and Engineering Science Technicians,ventilation,0.015131944212158672,19.0
Physical and Engineering Science Technicians,repairs,0.014733797981202312,20.0
Printing Trades Workers,machines,0.06277108132529353,1.0
Printing Trades Workers,ireland,0.04918579395095367,2.0
Printing Trades Workers,cnc_machines,0.04792328538746999,3.0
Printing Trades Workers,parts,0.04156319988098513,4.0
Printing Trades Workers,operation,0.04156147902095105,5.0
Printing Trades Workers,oil,0.038461538461538464,6.0
Printing Trades Workers,files,0.03829271408981191,7.0
Printing Trades Workers,your_eligibility,0.03570265842932621,8.0
Printing Trades Workers,polish,0.03334436743580603,9.0
Printing Trades Workers,responsibility,0.033161016244234405,10.0
Printing Trades Workers,understanding,0.031341807606900314,11.0
Printing Trades Workers,milling_machines,0.03130933133403048,12.0
Printing Trades Workers,hours,0.029322961137997608,13.0
Printing Trades Workers,production_equipment,0.029065123968267586,14.0
Printing Trades Workers,our_company,0.027619174962966637,15.0
Printing Trades Workers,requirements,0.026859835905632512,16.0
Printing Trades Workers,knowledge,0.026770957422893822,17.0
Printing Trades Workers,cleaning,0.026186559765882814,18.0
Printing Trades Workers,order,0.02571236746937266,19.0
Printing Trades Workers,quality_standards,0.025415047275805368,20.0
Process Control Technicians,case,0.14022111975796925,1.0
Process Control Technicians,workers,0.11387266942840946,2.0
Process Control Technicians,prodromos_chrysanthou,0.10737208382849853,3.0
Process Control Technicians,continuous_improvement,0.0982792210440173,4.0
Process Control Technicians,parameters,0.09811625220427811,5.0
Process Control Technicians,copy,0.09503969183008724,6.0
Process Control Technicians,cleanliness,0.09053577337848392,7.0
Process Control Technicians,food_safety,0.08865361597289827,8.0
Process Control Technicians,sampling,0.08719008171821784,9.0
Process Control Technicians,hygiene,0.08411497789886865,10.0
Process Control Technicians,monitor,0.08403221899581378,11.0
Process Control Technicians,repair,0.0804469250401538,12.0
Process Control Technicians,your_missions,0.0729312189691371,13.0
Process Control Technicians,1800_eur,0.053766420295489045,14.0
Process Control Technicians,technical_thinking,0.05255132277879683,15.0
Process Control Technicians,willingness,0.05161536596269436,16.0
Process Control Technicians,trade,0.0506000570878896,17.0
Process Control Technicians,technical_maintenance,0.04979103770181801,18.0
Process Control Technicians,product_specifications,0.048913471252556684,19.0
Process Control Technicians,three_shifts,0.04869053843013514,20.0
"Rubber, Plastic and Paper Products Machine Operators",machines,0.08697972819331554,1.0
"Rubber, Plastic and Paper Products Machine Operators",work,0.048126616364022046,2.0
"Rubber, Plastic and Paper Products Machine Operators",production,0.043394269996560285,3.0
"Rubber, Plastic and Paper Products Machine Operators",attention,0.03667314173565701,4.0
"Rubber, Plastic and Paper Products Machine Operators",candidates,0.03413207200401959,5.0
"Rubber, Plastic and Paper Products Machine Operators",responsibility,0.03363650701410299,6.0
"Rubber, Plastic and Paper Products Machine Operators",adjustment,0.031546623571105624,7.0
"Rubber, Plastic and Paper Products Machine Operators",equipment,0.030991232044093566,8.0
"Rubber, Plastic and Paper Products Machine Operators",willingness,0.028853467567228716,9.0
"Rubber, Plastic and Paper Products Machine Operators",operation,0.028276711016765804,10.0
"Rubber, Plastic and Paper Products Machine Operators",shifts,0.027956688228933914,11.0
"Rubber, Plastic and Paper Products Machine Operators",finished_products,0.02338765493729276,12.0
"Rubber, Plastic and Paper Products Machine Operators",ability,0.023203414388503173,13.0
"Rubber, Plastic and Paper Products Machine Operators",part,0.023047189314916092,14.0
"Rubber, Plastic and Paper Products Machine Operators",materials,0.022629090782081154,15.0
"Rubber, Plastic and Paper Products Machine Operators",experience,0.022349830206425874,16.0
"Rubber, Plastic and Paper Products Machine Operators",assembly,0.021544311241195116,17.0
"Rubber, Plastic and Paper Products Machine Operators",sustainability,0.021102675926017018,18.0
"Rubber, Plastic and Paper Products Machine Operators",previous_experience,0.021015872726544114,19.0
"Rubber, Plastic and Paper Products Machine Operators",training,0.020461796263400472,20.0
"Sales, Marketing and Development Managers",sales,0.058819072371995275,1.0
"Sales, Marketing and Development Managers",experience,0.03952071569343147,2.0
"Sales, Marketing and Development Managers",customers,0.033156089137992825,3.0
"Sales, Marketing and Development Managers",marketing,0.0321082758249545,4.0
"Sales, Marketing and Development Managers",our_customers,0.02900409752234214,5.0
"Sales, Marketing and Development Managers",market,0.023841211848665583,6.0
"Sales, Marketing and Development Managers",product_strategy,0.023532473279343113,7.0
"Sales, Marketing and Development Managers",customer_needs,0.02288408662298125,8.0
"Sales, Marketing and Development Managers",clients,0.02250613273068482,9.0
"Sales, Marketing and Development Managers",part,0.0216726618088042,10.0
"Sales, Marketing and Development Managers",products,0.021009074393762064,11.0
"Sales, Marketing and Development Managers",english,0.02057960174848725,12.0
"Sales, Marketing and Development Managers",development,0.020326066978417046,13.0
"Sales, Marketing and Development Managers",design,0.017869769326049684,14.0
"Sales, Marketing and Development Managers",solutions,0.017691837614878168,15.0
"Sales, Marketing and Development Managers",support,0.017339178299456443,16.0
"Sales, Marketing and Development Managers",knowledge,0.01721443664730996,17.0
"Sales, Marketing and Development Managers",business,0.01656804678765047,18.0
"Sales, Marketing and Development Managers",opportunities,0.016381489031774762,19.0
"Sales, Marketing and Development Managers",our_client,0.016270173231967305,20.0
"Sales, Marketing and Public Relations Professionals",experience,0.0430573170272372,1.0
"Sales, Marketing and Public Relations Professionals",sales,0.04236873994097468,2.0
"Sales, Marketing and Public Relations Professionals",customers,0.03634951635576833,3.0
"Sales, Marketing and Public Relations Professionals",english,0.024490166424647113,4.0
"Sales, Marketing and Public Relations Professionals",part,0.024109335486498164,5.0
"Sales, Marketing and Public Relations Professionals",clients,0.023614372433762198,6.0
"Sales, Marketing and Public Relations Professionals",marketing,0.0222218089706769,7.0
"Sales, Marketing and Public Relations Professionals",knowledge,0.02020457715394662,8.0
"Sales, Marketing and Public Relations Professionals",data,0.01921328146162679,9.0
"Sales, Marketing and Public Relations Professionals",people,0.018906281155010297,10.0
"Sales, Marketing and Public Relations Professionals",analysis,0.01886309413777651,11.0
"Sales, Marketing and Public Relations Professionals",candidates,0.016944959433805144,12.0
"Sales, Marketing and Public Relations Professionals",support,0.016916410341475997,13.0
"Sales, Marketing and Public Relations Professionals",development,0.016874278034745938,14.0
"Sales, Marketing and Public Relations Professionals",compliance,0.016797721287176923,15.0
"Sales, Marketing and Public Relations Professionals",services,0.016724186715532698,16.0
"Sales, Marketing and Public Relations Professionals",our_clients,0.01651608845276605,17.0
"Sales, Marketing and Public Relations Professionals",ability,0.01615701568617123,18.0
"Sales, Marketing and Public Relations Professionals",opportunities,0.01611581522654857,19.0
"Sales, Marketing and Public Relations Professionals",them,0.015528583601283397,20.0
"Sheet and Structural Metal Workers, Moulders and Welders, and Related Workers",technical_drawings,0.05055599607224876,1.0
"Sheet and Structural Metal Workers, Moulders and Welders, and Related Workers",experience,0.046257067682889,2.0
"Sheet and Structural Metal Workers, Moulders and Welders, and Related Workers",knowledge,0.03246800185447351,3.0
"Sheet and Structural Metal Workers, Moulders and Welders, and Related Workers",tools,0.029390478941608414,4.0
"Sheet and Structural Metal Workers, Moulders and Welders, and Related Workers",drawings,0.028773294894009246,5.0
"Sheet and Structural Metal Workers, Moulders and Welders, and Related Workers",assembly,0.027661958354539714,6.0
"Sheet and Structural Metal Workers, Moulders and Welders, and Related Workers",welding,0.027506519718624372,7.0
"Sheet and Structural Metal Workers, Moulders and Welders, and Related Workers",installation,0.02650692278132175,8.0
"Sheet and Structural Metal Workers, Moulders and Welders, and Related Workers",machines,0.024636277657521317,9.0
"Sheet and Structural Metal Workers, Moulders and Welders, and Related Workers",cnc_machines,0.0239979881595982,10.0
"Sheet and Structural Metal Workers, Moulders and Welders, and Related Workers",work,0.0228903737857729,11.0
"Sheet and Structural Metal Workers, Moulders and Welders, and Related Workers",repair,0.021609101532464123,12.0
"Sheet and Structural Metal Workers, Moulders and Welders, and Related Workers",possibility,0.021360376334207305,13.0
"Sheet and Structural Metal Workers, Moulders and Welders, and Related Workers",polish,0.020882814059083148,14.0
"Sheet and Structural Metal Workers, Moulders and Welders, and Related Workers",training,0.019906620603075645,15.0
"Sheet and Structural Metal Workers, Moulders and Welders, and Related Workers",education,0.01987971407186952,16.0
"Sheet and Structural Metal Workers, Moulders and Welders, and Related Workers",operation,0.01973928704679141,17.0
"Sheet and Structural Metal Workers, Moulders and Welders, and Related Workers",people,0.019670541685197537,18.0
"Sheet and Structural Metal Workers, Moulders and Welders, and Related Workers",responsibility,0.019438471854875277,19.0
"Sheet and Structural Metal Workers, Moulders and Welders, and Related Workers",cleaning,0.019281097629824266,20.0
Ship and Aircraft Controllers and Technicians,maintenance,0.04669611003665631,1.0
Ship and Aircraft Controllers and Technicians,work,0.04508133944444774,2.0
Ship and Aircraft Controllers and Technicians,mechanics,0.0450556281771316,3.0
Ship and Aircraft Controllers and Technicians,easa,0.03772549731955544,4.0
Ship and Aircraft Controllers and Technicians,knowledge,0.03597450686990628,5.0
Ship and Aircraft Controllers and Technicians,repair_work,0.03570078985496302,6.0
Ship and Aircraft Controllers and Technicians,tasks,0.031758875355717114,7.0
Ship and Aircraft Controllers and Technicians,repair,0.031740139480522934,8.0
Ship and Aircraft Controllers and Technicians,repairs,0.031305559263183035,9.0
Ship and Aircraft Controllers and Technicians,assistance,0.03040184179102908,10.0
Ship and Aircraft Controllers and Technicians,accordance,0.029477968059356336,11.0
Ship and Aircraft Controllers and Technicians,your_profile,0.028316593759675712,12.0
Ship and Aircraft Controllers and Technicians,willingness,0.025943319095771456,13.0
Ship and Aircraft Controllers and Technicians,machines,0.025808475292527746,14.0
Ship and Aircraft Controllers and Technicians,return,0.02541329238192589,15.0
Ship and Aircraft Controllers and Technicians,budapest,0.025377052011009916,16.0
Ship and Aircraft Controllers and Technicians,zurich,0.025054043644443597,17.0
Ship and Aircraft Controllers and Technicians,inspections,0.024611097914307423,18.0
Ship and Aircraft Controllers and Technicians,aviation,0.024449888395950428,19.0
Ship and Aircraft Controllers and Technicians,time,0.0236941215439029,20.0
Ships Deck Crews and Related Workers,our_guests,0.20226466653402006,1.0
Ships Deck Crews and Related Workers,punctuality,0.09887696473941296,2.0
Ships Deck Crews and Related Workers,your_profile,0.09850526449446691,3.0
Ships Deck Crews and Related Workers,cv_-_application_languages,0.0917186504674689,4.0
Ships Deck Crews and Related Workers,switzerland,0.08618476271767575,5.0
Ships Deck Crews and Related Workers,door,0.08268421220031273,6.0
Ships Deck Crews and Related Workers,application_method,0.08096097491345941,7.0
Ships Deck Crews and Related Workers,persons,0.0800645701785119,8.0
Ships Deck Crews and Related Workers,duties,0.07847582538577971,9.0
Ships Deck Crews and Related Workers,fixed_daytime_work,0.07834118171183262,10.0
Ships Deck Crews and Related Workers,subjects,0.07734387986858467,11.0
Ships Deck Crews and Related Workers,requirements,0.07730714194852997,12.0
Ships Deck Crews and Related Workers,polish,0.07573565054784429,13.0
Ships Deck Crews and Related Workers,applied_sciences,0.07334393341515277,14.0
Ships Deck Crews and Related Workers,employment_start,0.07237525193826225,15.0
Ships Deck Crews and Related Workers,locations,0.07157663579730225,16.0
Ships Deck Crews and Related Workers,at_least_1_year,0.06970400762966988,17.0
Ships Deck Crews and Related Workers,fluent_english,0.06871630189754888,18.0
Ships Deck Crews and Related Workers,work_schedule,0.06597078580841301,19.0
Ships Deck Crews and Related Workers,method,0.06374878699208024,20.0
Software and Applications Developers and Analysts,experience,0.04674044608411977,1.0
Software and Applications Developers and Analysts,knowledge,0.03364336688767137,2.0
Software and Applications Developers and Analysts,computer_science,0.025619268073357626,3.0
Software and Applications Developers and Analysts,python,0.02359996332602833,4.0
Software and Applications Developers and Analysts,data,0.02338361751084736,5.0
Software and Applications Developers and Analysts,part,0.023211372592634283,6.0
Software and Applications Developers and Analysts,development,0.020359788205678603,7.0
Software and Applications Developers and Analysts,design,0.01697404900849068,8.0
Software and Applications Developers and Analysts,english,0.016518428221549235,9.0
Software and Applications Developers and Analysts,applications,0.016301996309984603,10.0
Software and Applications Developers and Analysts,tools,0.015525200758151864,11.0
Software and Applications Developers and Analysts,them,0.015323723320783189,12.0
Software and Applications Developers and Analysts,solutions,0.015142471047687532,13.0
Software and Applications Developers and Analysts,sql,0.015120301163560992,14.0
Software and Applications Developers and Analysts,implementation,0.014500612254987078,15.0
Software and Applications Developers and Analysts,software_development,0.014474949592245358,16.0
Software and Applications Developers and Analysts,security,0.014249053729633037,17.0
Software and Applications Developers and Analysts,requirements,0.014051851083544738,18.0
Software and Applications Developers and Analysts,automation,0.013779962097117144,19.0
Software and Applications Developers and Analysts,ability,0.01319996789550918,20.0
Telecommunications and Broadcasting Technicians,installation,0.08050780366118071,1.0
Telecommunications and Broadcasting Technicians,telecommunications,0.07705173708390482,2.0
Telecommunications and Broadcasting Technicians,height,0.06870962339369276,3.0
Telecommunications and Broadcasting Technicians,new_technologies,0.06044298868121092,4.0
Telecommunications and Broadcasting Technicians,support,0.049176241904593306,5.0
Telecommunications and Broadcasting Technicians,security_systems,0.04848128889202247,6.0
Telecommunications and Broadcasting Technicians,internet,0.0468484781902266,7.0
Telecommunications and Broadcasting Technicians,prodromos_chrysanthou,0.040102098926259926,8.0
Telecommunications and Broadcasting Technicians,knowledge,0.03787787794011741,9.0
Telecommunications and Broadcasting Technicians,private_use,0.03629191826136798,10.0
Telecommunications and Broadcasting Technicians,equipment,0.034912492805491475,11.0
Telecommunications and Broadcasting Technicians,him,0.03428238645228233,12.0
Telecommunications and Broadcasting Technicians,state,0.03428238645228233,12.0
Telecommunications and Broadcasting Technicians,heights,0.034226942892731024,13.0
Telecommunications and Broadcasting Technicians,clients,0.03395327845323633,14.0
Telecommunications and Broadcasting Technicians,"vocational_secondary,_type",0.03375563208395154,15.0
Telecommunications and Broadcasting Technicians,license_category_b,0.03321217303613765,16.0
Telecommunications and Broadcasting Technicians,technical_requirements,0.03132174986407185,17.0
Telecommunications and Broadcasting Technicians,place,0.03078270359760286,18.0
Telecommunications and Broadcasting Technicians,repair,0.030045896766114553,19.0
Telecommunications and Broadcasting Technicians,responsibilities,0.02949486437214675,20.0
"Textile, Fur and Leather Products Machine Operators",job_consultation,0.17598592548501865,1.0
"Textile, Fur and Leather Products Machine Operators",employment_start,0.1703914375086531,2.0
"Textile, Fur and Leather Products Machine Operators",finishing,0.15171060285843668,3.0
"Textile, Fur and Leather Products Machine Operators",method,0.1500823439520352,4.0
"Textile, Fur and Leather Products Machine Operators",handling,0.13032226586554463,5.0
"Textile, Fur and Leather Products Machine Operators",working_hours,0.1140505314722122,6.0
"Textile, Fur and Leather Products Machine Operators",three_or_four_shifts,0.09979215105835101,7.0
"Textile, Fur and Leather Products Machine Operators",3_shifts,0.09067774153883404,8.0
"Textile, Fur and Leather Products Machine Operators",work_schedule,0.07782120979801385,9.0
"Textile, Fur and Leather Products Machine Operators",proper_functioning,0.0688955711734113,10.0
"Textile, Fur and Leather Products Machine Operators",install,0.06742007385721069,11.0
"Textile, Fur and Leather Products Machine Operators",technical_training,0.0657387504442454,12.0
"Textile, Fur and Leather Products Machine Operators",end,0.06371980192380708,13.0
"Textile, Fur and Leather Products Machine Operators",adjustments,0.06333925188403168,14.0
"Textile, Fur and Leather Products Machine Operators",place,0.06272355956858423,15.0
"Textile, Fur and Leather Products Machine Operators",adjustment,0.0616579284710664,16.0
"Textile, Fur and Leather Products Machine Operators",name,0.05801667615568913,17.0
"Textile, Fur and Leather Products Machine Operators",your_main_missions,0.05651670080870728,18.0
"Textile, Fur and Leather Products Machine Operators",components,0.049696532156251576,19.0
"Textile, Fur and Leather Products Machine Operators",profile,0.04844144834010528,20.0
Transport and Storage Labourers,goods,0.09013374189474348,1.0
Transport and Storage Labourers,raw_materials,0.08501664275873448,2.0
Transport and Storage Labourers,loading,0.0591254159992671,3.0
Transport and Storage Labourers,cleanliness,0.048657748793645594,4.0
Transport and Storage Labourers,unloading,0.048023240201735394,5.0
Transport and Storage Labourers,transportation,0.04487240963836793,6.0
Transport and Storage Labourers,materials,0.04354966598821606,7.0
Transport and Storage Labourers,orders,0.03487688419657517,8.0
Transport and Storage Labourers,preventive_maintenance,0.034342022567992285,9.0
Transport and Storage Labourers,knowledge,0.03413901596960539,10.0
Transport and Storage Labourers,trucks,0.03376372983060694,11.0
Transport and Storage Labourers,experience,0.03270424983086292,12.0
Transport and Storage Labourers,products,0.030730127291827045,13.0
Transport and Storage Labourers,forklifts,0.02909311252155088,14.0
Transport and Storage Labourers,copy,0.027819554972744832,15.0
Transport and Storage Labourers,them,0.024729084100129094,16.0
Transport and Storage Labourers,registered_job_seekers,0.02442729335877982,17.0
Transport and Storage Labourers,legislative_decree,0.02344261224434812,18.0
Transport and Storage Labourers,equipment,0.022828860017640465,19.0
Transport and Storage Labourers,order,0.02171350387572813,20.0
University and Higher Education Teachers,students,0.0467835409463672,1.0
University and Higher Education Teachers,candidates,0.0450289806973977,2.0
University and Higher Education Teachers,research,0.043567888608491145,3.0
University and Higher Education Teachers,applications,0.040934047998160784,4.0
University and Higher Education Teachers,robotics,0.03905104883774736,5.0
University and Higher Education Teachers,education,0.038212120914035155,6.0
University and Higher Education Teachers,employment,0.034265458355532366,7.0
University and Higher Education Teachers,applicants,0.033414924007182434,8.0
University and Higher Education Teachers,technology,0.030630520549261853,9.0
University and Higher Education Teachers,ankara,0.028433188662304227,10.0
University and Higher Education Teachers,ntnu,0.0283580030608761,11.0
University and Higher Education Teachers,experience,0.026380309186408026,12.0
University and Higher Education Teachers,teaching,0.026220740363998535,13.0
University and Higher Education Teachers,english,0.02494512132180621,14.0
University and Higher Education Teachers,knowledge,0.023701728435210855,15.0
University and Higher Education Teachers,qualifications,0.022630351711181034,16.0
University and Higher Education Teachers,required_qualifications,0.022445395062236494,17.0
University and Higher Education Teachers,development,0.022384430418576004,18.0
University and Higher Education Teachers,your_application,0.022330446757425484,19.0
University and Higher Education Teachers,computer_science,0.021462293826499203,20.0
Wood Processing and Papermaking Plant Operators,good_knowledge,0.9009438423437848,1.0
Wood Processing and Papermaking Plant Operators,experience,0.43393570139228876,2.0
